Pavia Cranshaw,pcranshaw0,9g4c1lW,1,2019-09-09,3479810019,Sales Associate,3
Rawley Stuer,rstuer1,mWlXpIU,1,2019-09-07,3982751825,Sales Associate,3
Vite Tchir,vtchir2,pW111Lb5f,1,2019-06-08,6223091140,Sales Associate,3
Jacqui Kilfether,jkilfether3,Xx6sRXtvo,1,2020-01-23,1698424055,Sales Associate,3
Christabel Whaley,cwhaley4,xOqd0tlu,1,2020-04-11,9409349986,Sales Associate,3
Iggie Bales,ibales5,m3qFr1rGu,1,2020-04-19,1451860619,Sales Associate,3
Heidie Moran,hmoran6,Mx990Eq6aN4J,1,2019-12-16,6238387440,Sales Associate,3
Shane McKeller,smckeller7,O8Rbgp,1,2019-12-23,4892044412,Sales Associate,3
Joli Chrichton,jchrichton8,D1jQS968,1,2020-04-25,6974818155,Sales Associate,3
Bentley Buchan,bbuchan9,9ID7P6jjrED,1,2019-08-16,2916187551,Sales Associate,3
Herschel Jeens,hjeensa,Wn1xlIMwi1,1,2020-01-16,9275960039,Sales Associate,3
Jeane Wayte,jwayteb,aEGas7913C,1,2019-05-13,3826819901,Sales Associate,3
Elita Waadenburg,ewaadenburgc,UnEyih4W,1,2019-07-27,9443178514,Sales Associate,3
Catherin Cominotti,ccominottid,dTEZNOdG7,1,2019-10-26,3858550979,Sales Associate,3
Boniface Maharey,bmahareye,Yr8yR5nn6Q,1,2019-07-26,1496272866,Sales Associate,3
Sawyere Snazel,ssnazelf,oYbctvCb,1,2019-07-28,4294338042,Sales Associate,3
Osborne Fincke,ofinckeg,HpstAK4N,1,2019-06-01,5796378558,Sales Associate,3
Ellie Ould,eouldh,U7b0jXBqS8,1,2019-09-06,5021740329,Sales Associate,3
Forbes O' Cuolahan,foi,DU9WEZy,1,2019-12-09,5498983436,Sales Associate,3
Trixi Werrilow,twerrilowj,3jwcfJWnF8,1,2020-02-10,9976251529,Sales Associate,3
Jeanne Mongin,jmongink,LsWtw1B5eb,1,2020-01-08,8855195511,Sales Associate,3
Dominique Nafzger,dnafzgerl,nMLlOZsK5tv,1,2020-03-02,5061747489,Sales Associate,3
Yvor Brittan,ybrittanm,vw72ll9Ue,1,2019-09-15,3369667458,Sales Associate,3
Janetta Ricardon,jricardonn,4x9r1ysL,1,2020-01-03,3636926783,Sales Associate,3
Tony Selcraig,tselcraigo,pZaTQy5vCn7Z,1,2020-01-13,1426912533,Sales Associate,3
